{ "_id" : { "$oid" : "5160756b96cc62079cc2db15" }, "name" : "Drop Biscuits and Sausage Gravy", "ingredients" : "Biscuits\n3 cups All-purpose Flour\n2 Tablespoons Baking Powder\n1/2 teaspoon Salt\n1-1/2 stick (3/4 Cup) Cold Butter, Cut Into Pieces\n1-1/4 cup Butermilk\n SAUSAGE GRAVY\n1 pound Breakfast Sausage, Hot Or Mild\n1/3 cup All-purpose Flour\n4 cups Whole Milk\n1/2 teaspoon Seasoned Salt\n2 teaspoons Black Pepper, More To Taste", "url" : "http://thepioneerwoman.com/cooking/2013/03/drop-biscuits-and-sausage-gravy/", "image" : "http://static.thepioneerwoman.com/cooking/files/2013/03/bisgrav.jpg", "ts" : { "$date" : 1365276011104 }, "cookTime" : "PT30M", "source" : "thepioneerwoman", "recipeYield" : "12", "datePublished" : "2013-03-11", "prepTime" : "PT10M", "description" : "Late Saturday afternoon, after Marlboro Man had returned home with the soccer-playing girls, and I had returned home with the..." }
{ "_id" : { "$oid" : "5160756d96cc62079cc2db16" }, "name" : "Hot Roast Beef Sandwiches", "ingredients" : "12 whole Dinner Rolls Or Small Sandwich Buns (I Used Whole Wheat)\n1 pound Thinly Shaved Roast Beef Or Ham (or Both!)\n1 pound Cheese (Provolone, Swiss, Mozzarella, Even Cheez Whiz!)\n1/4 cup Mayonnaise\n3 Tablespoons Grated Onion (or 1 Tbsp Dried Onion Flakes))\n1 Tablespoon Poppy Seeds\n1 Tablespoon Spicy Mustard\n1 Tablespoon Horseradish Mayo Or Straight Prepared Horseradish\n Dash Of Worcestershire\n Optional Dressing Ingredients: Sriracha, Hot Sauce, Dried Onion Flakes Instead Of Fresh, Garlic Powder, Pepper, Etc.)", "url" : "http://thepioneerwoman.com/cooking/2013/03/hot-roast-beef-sandwiches/", "image" : "http://static.thepioneerwoman.com/cooking/files/2013/03/sandwiches.jpg", "ts" : { "$date" : 1365276013902 }, "cookTime" : "PT20M", "source" : "thepioneerwoman", "recipeYield" : "12", "datePublished" : "2013-03-13", "prepTime" : "PT20M", "description" : "When I was growing up, I participated in my Episcopal church's youth group, and I have lots of memories of weekly meetings wh..." }